,Linear Regression,AdaBoost Regressor,XGBoost Regressor,KNN,RandomForest Regressor,Lasso Regression,Ridge Regression
MSLE,0.00024059115689642601,7.519919100567977e-05,5.6406101287839276e-05,8.029953682159378e-05,6.474795657849367e-05,0.0002405885615045537,0.00024061602236037072
Root MSLE,0.015511001157127996,0.008671746710189348,0.007510399542490351,0.008961000882802867,0.008046611496679436,0.015510917493963846,0.015511802679262353
R2 Score,0.8306540882616521,0.9475565402465455,0.9608505810927604,0.9445025216846711,0.9550654343640349,0.830649863271234,0.8306282345323285
Accuracy(%),83.0654,94.7557,96.0851,94.4503,95.5065,83.065,83.0628
